{
  "Channels": {
    "1afu8dmah7nzde5pnsfpcpmzfy": {
      "TeamId": null,
      "TeamName": null,
      "TeamDisplayName": null,
      "ChannelId": "1afu8dmah7nzde5pnsfpcpmzfy",
      "ChannelName": "00be25425b5c0e2a039ac6a2ccd65a3d81fd4403",
      "ChannelDisplayName": "Group Message",
      "ChannelType": "G",
      "RoomId": "group - 1afu8dmah7nzde5pnsfpcpmzfy",
      "StartTime": 1531132337174,
      "EndTime": 1531179960244,
      "MessagesCount": 52,
      "AttachmentsCount": 0
    },
    "1h3sp8ndytd73rdut634i1x93a": {
      "TeamId": null,
      "TeamName": null,
      "TeamDisplayName": null,
      "ChannelId": "1h3sp8ndytd73rdut634i1x93a",
      "ChannelName": "e5mh55jf87n7j83ddjuuzqdbiw__ykt1ba8juidp5gx6gk8a3zwcww",
      "ChannelDisplayName": "Direct Message",
      "ChannelType": "D",
      "RoomId": "direct - 1h3sp8ndytd73rdut634i1x93a",
      "StartTime": 1531131776725,
      "EndTime": 1531178673203,
      "MessagesCount": 52,
      "AttachmentsCount": 0
    },
    "486i87u1uincdj7xn1txhcbu7o": {
      "TeamId": null,
      "TeamName": null,
      "TeamDisplayName": null,
      "ChannelId": "486i87u1uincdj7xn1txhcbu7o",
      "ChannelName": "0b1621ee33ebeade822c0168c76507597da12661",
      "ChannelDisplayName": "Group Message",
      "ChannelType": "G",
      "RoomId": "group - 486i87u1uincdj7xn1txhcbu7o",
      "StartTime": 1531133633840,
      "EndTime": 1531180442321,
      "MessagesCount": 52,
      "AttachmentsCount": 0
    },
    "4bnfoodh8fyk8frh69auoe9okw": {
      "TeamId": "atuti64gsirn8gehtsa6k57fwe",
      "TeamName": "ad-1",
      "TeamDisplayName": "eligendi",
      "ChannelId": "4bnfoodh8fyk8frh69auoe9okw",
      "ChannelName": "ratione-1",
      "ChannelDisplayName": "ut",
      "ChannelType": "O",
      "RoomId": "public - 4bnfoodh8fyk8frh69auoe9okw",
      "StartTime": 1531131252886,
      "EndTime": 1531178826789,
      "MessagesCount": 150,
      "AttachmentsCount": 0
    },
    "4dex19p4j3ryf8qsnjjd1cgzew": {
      "TeamId": "atuti64gsirn8gehtsa6k57fwe",
      "TeamName": "ad-1",
      "TeamDisplayName": "eligendi",
      "ChannelId": "4dex19p4j3ryf8qsnjjd1cgzew",
      "ChannelName": "iusto-9",
      "ChannelDisplayName": "incidunt",
      "ChannelType": "P",
      "RoomId": "private - 4dex19p4j3ryf8qsnjjd1cgzew",
      "StartTime": 1531131025342,
      "EndTime": 1531180717828,
      "MessagesCount": 126,
      "AttachmentsCount": 0
    },
    "4dx5khgtq78jjjmonexxgi1kxr": {
      "TeamId": null,
      "TeamName": null,
      "TeamDisplayName": null,
      "ChannelId": "4dx5khgtq78jjjmonexxgi1kxr",
      "ChannelName": "d8hqf6m8q7nbuq1hikjptdfnwr__n3ga1sxwsp85jn9zssmqxe3c8o",
      "ChannelDisplayName": "Direct Message",
      "ChannelType": "D",
      "RoomId": "direct - 4dx5khgtq78jjjmonexxgi1kxr",
      "StartTime": 1531130846219,
      "EndTime": 1531176939108,
      "MessagesCount": 19,
      "AttachmentsCount": 0
    },
    "4e5xcncx3pfrmn17icpz9fdycr": {
      "TeamId": "atuti64gsirn8gehtsa6k57fwe",
      "TeamName": "ad-1",
      "TeamDisplayName": "eligendi",
      "ChannelId": "4e5xcncx3pfrmn17icpz9fdycr",
      "ChannelName": "suscipit-4",
      "ChannelDisplayName": "sint",
      "ChannelType": "O",
      "RoomId": "public - 4e5xcncx3pfrmn17icpz9fdycr",
      "StartTime": 1531130804590,
      "EndTime": 1531180729687,
      "MessagesCount": 140,
      "AttachmentsCount": 0
    },
    "4kij9x7gn3yr8f8dta8c9effwe": {
      "TeamId": "atuti64gsirn8gehtsa6k57fwe",
      "TeamName": "ad-1",
      "TeamDisplayName": "eligendi",
      "ChannelId": "4kij9x7gn3yr8f8dta8c9effwe",
      "ChannelName": "amet-0",
      "ChannelDisplayName": "error",
      "ChannelType": "P",
      "RoomId": "private - 4kij9x7gn3yr8f8dta8c9effwe",
      "StartTime": 1531132336354,
      "EndTime": 1531180820460,
      "MessagesCount": 151,
      "AttachmentsCount": 0
    },
    "53tbm3scrjy7bjh6au356zp9uc": {
      "TeamId": null,
      "TeamName": null,
      "TeamDisplayName": null,
      "ChannelId": "53tbm3scrjy7bjh6au356zp9uc",
      "ChannelName": "5635f9c1de51460ab80ded3b33de94813f0a493c",
      "ChannelDisplayName": "Group Message",
      "ChannelType": "G",
      "RoomId": "group - 53tbm3scrjy7bjh6au356zp9uc",
      "StartTime": 1531130936367,
      "EndTime": 1531180479375,
      "MessagesCount": 34,
      "AttachmentsCount": 0
    },
    "6c9hy4fy5tbitft9knsjzts6by": {
      "TeamId": null,
      "TeamName": null,
      "TeamDisplayName": null,
      "ChannelId": "6c9hy4fy5tbitft9knsjzts6by",
      "ChannelName": "7u5ey1mbqbr3uy3dduhpbgg5xw__d8hqf6m8q7nbuq1hikjptdfnwr",
      "ChannelDisplayName": "Direct Message",
      "ChannelType": "D",
      "RoomId": "direct - 6c9hy4fy5tbitft9knsjzts6by",
      "StartTime": 1531134065154,
      "EndTime": 1531180597517,
      "MessagesCount": 18,
      "AttachmentsCount": 0
    },
    "6s14tyjc83gspj56b1qf83gj6a": {
      "TeamId": null,
      "TeamName": null,
      "TeamDisplayName": null,
      "ChannelId": "6s14tyjc83gspj56b1qf83gj6a",
      "ChannelName": "457317d82fb1fe6204a227b389609174416b7755",
      "ChannelDisplayName": "Group Message",
      "ChannelType": "G",
      "RoomId": "group - 6s14tyjc83gspj56b1qf83gj6a",
      "StartTime": 1531132463519,
      "EndTime": 1531180529286,
      "MessagesCount": 44,
      "AttachmentsCount": 0
    },
    "885x11aehjr1fy9i3tyaiatmko": {
      "TeamId": null,
      "TeamName": null,
      "TeamDisplayName": null,
      "ChannelId": "885x11aehjr1fy9i3tyaiatmko",
      "ChannelName": "wz7cgezq9fnt3m6stt6cs3ak9h__ykt1ba8juidp5gx6gk8a3zwcww",
      "ChannelDisplayName": "Direct Message",
      "ChannelType": "D",
      "RoomId": "direct - 885x11aehjr1fy9i3tyaiatmko",
      "StartTime": 1531132551915,
      "EndTime": 1531180244777,
      "MessagesCount": 17,
      "AttachmentsCount": 0
    },
    "8akhf31jmfd5bfkpfmmwucybqa": {
      "TeamId": null,
      "TeamName": null,
      "TeamDisplayName": null,
      "ChannelId": "8akhf31jmfd5bfkpfmmwucybqa",
      "ChannelName": "7u5ey1mbqbr3uy3dduhpbgg5xw__n3ga1sxwsp85jn9zssmqxe3c8o",
      "ChannelDisplayName": "Direct Message",
      "ChannelType": "D",
      "RoomId": "direct - 8akhf31jmfd5bfkpfmmwucybqa",
      "StartTime": 1531136922254,
      "EndTime": 1531179611880,
      "MessagesCount": 43,
      "AttachmentsCount": 0
    },
    "8ufatkjud3f6jnwu1ugy57ajzo": {
      "TeamId": "atuti64gsirn8gehtsa6k57fwe",
      "TeamName": "ad-1",
      "TeamDisplayName": "eligendi",
      "ChannelId": "8ufatkjud3f6jnwu1ugy57ajzo",
      "ChannelName": "minima-3",
      "ChannelDisplayName": "veritatis",
      "ChannelType": "O",
      "RoomId": "public - 8ufatkjud3f6jnwu1ugy57ajzo",
      "StartTime": 1531131478788,
      "EndTime": 1531180726344,
      "MessagesCount": 154,
      "AttachmentsCount": 0
    },
    "97uobhgs87ymtfmj5kmhb97cpa": {
      "TeamId": null,
      "TeamName": null,
      "TeamDisplayName": null,
      "ChannelId": "97uobhgs87ymtfmj5kmhb97cpa",
      "ChannelName": "j1kzhdhp1pn4dx5phodgcxxyuh__ykt1ba8juidp5gx6gk8a3zwcww",
      "ChannelDisplayName": "Direct Message",
      "ChannelType": "D",
      "RoomId": "direct - 97uobhgs87ymtfmj5kmhb97cpa",
      "StartTime": 1531131083687,
      "EndTime": 1531179519986,
      "MessagesCount": 16,
      "AttachmentsCount": 0
    },
    "9jzhpr7z4fbkdpqk3zmk35o5er": {
      "TeamId": null,
      "TeamName": null,
      "TeamDisplayName": null,
      "ChannelId": "9jzhpr7z4fbkdpqk3zmk35o5er",
      "ChannelName": "8c84ekno1bru7mzd7kzxh5m6xy__wtqqxo9mb7gwzyg9hdsqzka4xa",
      "ChannelDisplayName": "Direct Message",
      "ChannelType": "D",
      "RoomId": "direct - 9jzhpr7z4fbkdpqk3zmk35o5er",
      "StartTime": 1531137687609,
      "EndTime": 1531179393600,
      "MessagesCount": 30,
      "AttachmentsCount": 0
    },
    "amghbhr98t8spgdwpkk1mc54xe": {
      "TeamId": null,
      "TeamName": null,
      "TeamDisplayName": null,
      "ChannelId": "amghbhr98t8spgdwpkk1mc54xe",
      "ChannelName": "d8hqf6m8q7nbuq1hikjptdfnwr__zjwbj35eobyzpd5dswbbc93yjh",
      "ChannelDisplayName": "Direct Message",
      "ChannelType": "D",
      "RoomId": "direct - amghbhr98t8spgdwpkk1mc54xe",
      "StartTime": 1531131782326,
      "EndTime": 1531176715877,
      "MessagesCount": 35,
      "AttachmentsCount": 0
    },
    "bhod9bgz8iyq5fge9xgfzbu4sy": {
      "TeamId": null,
      "TeamName": null,
      "TeamDisplayName": null,
      "ChannelId": "bhod9bgz8iyq5fge9xgfzbu4sy",
      "ChannelName": "9f96e559f4c2b4a2e31d3c7f580123dfe5672a1e",
      "ChannelDisplayName": "Group Message",
      "ChannelType": "G",
      "RoomId": "group - bhod9bgz8iyq5fge9xgfzbu4sy",
      "StartTime": 1531130819783,
      "EndTime": 1531180711289,
      "MessagesCount": 47,
      "AttachmentsCount": 0
    },
    "buu6eyysetnjpmothmw9nu9b3e": {
      "TeamId": null,
      "TeamName": null,
      "TeamDisplayName": null,
      "ChannelId": "buu6eyysetnjpmothmw9nu9b3e",
      "ChannelName": "90de707fb5c27b175bb2aa18266669cc8762971c",
      "ChannelDisplayName": "Group Message",
      "ChannelType": "G",
      "RoomId": "group - buu6eyysetnjpmothmw9nu9b3e",
      "StartTime": 1531131582166,
      "EndTime": 1531178960354,
      "MessagesCount": 49,
      "AttachmentsCount": 0
    },
    "c3et9wbrktfr5fqkoy6j8847th": {
      "TeamId": null,
      "TeamName": null,
      "TeamDisplayName": null,
      "ChannelId": "c3et9wbrktfr5fqkoy6j8847th",
      "ChannelName": "j1kzhdhp1pn4dx5phodgcxxyuh__tayou8gc43nj9b6p1s96exrq9r",
      "ChannelDisplayName": "Direct Message",
      "ChannelType": "D",
      "RoomId": "direct - c3et9wbrktfr5fqkoy6j8847th",
      "StartTime": 1531131447725,
      "EndTime": 1531176422753,
      "MessagesCount": 27,
      "AttachmentsCount": 0
    },
    "c4xzd3dsrtbsbjz1h5yr9jfmje": {
      "TeamId": null,
      "TeamName": null,
      "TeamDisplayName": null,
      "ChannelId": "c4xzd3dsrtbsbjz1h5yr9jfmje",
      "ChannelName": "bc0796e034c04638b57ecfcc5f17509874f04ddb",
      "ChannelDisplayName": "Group Message",
      "ChannelType": "G",
      "RoomId": "group - c4xzd3dsrtbsbjz1h5yr9jfmje",
      "StartTime": 1531131427513,
      "EndTime": 1531178102856,
      "MessagesCount": 49,
      "AttachmentsCount": 0
    },
    "chck7q4catbz3dopicpc7nyimr": {
      "TeamId": null,
      "TeamName": null,
      "TeamDisplayName": null,
      "ChannelId": "chck7q4catbz3dopicpc7nyimr",
      "ChannelName": "tayou8gc43nj9b6p1s96exrq9r__wz7cgezq9fnt3m6stt6cs3ak9h",
      "ChannelDisplayName": "Direct Message",
      "ChannelType": "D",
      "RoomId": "direct - chck7q4catbz3dopicpc7nyimr",
      "StartTime": 1531134324670,
      "EndTime": 1531176844509,
      "MessagesCount": 21,
      "AttachmentsCount": 0
    },
    "d75xtp1eajrjipno368pgr7nfr": {
      "TeamId": "atuti64gsirn8gehtsa6k57fwe",
      "TeamName": "ad-1",
      "TeamDisplayName": "eligendi",
      "ChannelId": "d75xtp1eajrjipno368pgr7nfr",
      "ChannelName": "aut-8",
      "ChannelDisplayName": "autem",
      "ChannelType": "O",
      "RoomId": "public - d75xtp1eajrjipno368pgr7nfr",
      "StartTime": 1531131180133,
      "EndTime": 1531180270423,
      "MessagesCount": 156,
      "AttachmentsCount": 0
    },
    "eq8h56pr53b73bzw6ecnfygqky": {
      "TeamId": "3qc7ihb1zpdgx8a6iwwprnnckw",
      "TeamName": "reiciendis-0",
      "TeamDisplayName": "minus",
      "ChannelId": "eq8h56pr53b73bzw6ecnfygqky",
      "ChannelName": "magnam-6",
      "ChannelDisplayName": "qui",
      "ChannelType": "P",
      "RoomId": "private - eq8h56pr53b73bzw6ecnfygqky",
      "StartTime": 1531131601419,
      "EndTime": 1531180727685,
      "MessagesCount": 147,
      "AttachmentsCount": 0
    },
    "f9giii7j4b8ti8oj7kxx4gpi5o": {
      "TeamId": null,
      "TeamName": null,
      "TeamDisplayName": null,
      "ChannelId": "f9giii7j4b8ti8oj7kxx4gpi5o",
      "ChannelName": "b4decad26ec91e7d76ac6cf985530da5f7089af7",
      "ChannelDisplayName": "Group Message",
      "ChannelType": "G",
      "RoomId": "group - f9giii7j4b8ti8oj7kxx4gpi5o",
      "StartTime": 1531132897653,
      "EndTime": 1531178347700,
      "MessagesCount": 37,
      "AttachmentsCount": 0
    },
    "faussiqct3gtzf319cd34p7m1r": {
      "TeamId": "atuti64gsirn8gehtsa6k57fwe",
      "TeamName": "ad-1",
      "TeamDisplayName": "eligendi",
      "ChannelId": "faussiqct3gtzf319cd34p7m1r",
      "ChannelName": "minus-6",
      "ChannelDisplayName": "nostrum",
      "ChannelType": "O",
      "RoomId": "public - faussiqct3gtzf319cd34p7m1r",
      "StartTime": 1531131593765,
      "EndTime": 1531180312390,
      "MessagesCount": 126,
      "AttachmentsCount": 0
    },
    "fcdb9szi6bysbkdwbsrnhrc8ge": {
      "TeamId": null,
      "TeamName": null,
      "TeamDisplayName": null,
      "ChannelId": "fcdb9szi6bysbkdwbsrnhrc8ge",
      "ChannelName": "j1kzhdhp1pn4dx5phodgcxxyuh__j1kzhdhp1pn4dx5phodgcxxyuh",
      "ChannelDisplayName": "Direct Message",
      "ChannelType": "D",
      "RoomId": "direct - fcdb9szi6bysbkdwbsrnhrc8ge",
      "StartTime": 1531133044753,
      "EndTime": 1531179889320,
      "MessagesCount": 16,
      "AttachmentsCount": 0
    },
    "fp8nqfx35bypxjzumumazjxysw": {
      "TeamId": "3qc7ihb1zpdgx8a6iwwprnnckw",
      "TeamName": "reiciendis-0",
      "TeamDisplayName": "minus",
      "ChannelId": "fp8nqfx35bypxjzumumazjxysw",
      "ChannelName": "eligendi-1",
      "ChannelDisplayName": "neque",
      "ChannelType": "O",
      "RoomId": "public - fp8nqfx35bypxjzumumazjxysw",
      "StartTime": 1531131228776,
      "EndTime": 1531179333278,
      "MessagesCount": 144,
      "AttachmentsCount": 0
    },
    "hbwcmwo15frizxwohyfjsn37ue": {
      "TeamId": null,
      "TeamName": null,
      "TeamDisplayName": null,
      "ChannelId": "hbwcmwo15frizxwohyfjsn37ue",
      "ChannelName": "7u5ey1mbqbr3uy3dduhpbgg5xw__cgx6ca8a7jyi8ei1ugf4p9k5pr",
      "ChannelDisplayName": "Direct Message",
      "ChannelType": "D",
      "RoomId": "direct - hbwcmwo15frizxwohyfjsn37ue",
      "StartTime": 1531131500211,
      "EndTime": 1531179881089,
      "MessagesCount": 15,
      "AttachmentsCount": 0
    },
    "iapwej3uu3defnn4n74tz1wkor": {
      "TeamId": "3qc7ihb1zpdgx8a6iwwprnnckw",
      "TeamName": "reiciendis-0",
      "TeamDisplayName": "minus",
      "ChannelId": "iapwej3uu3defnn4n74tz1wkor",
      "ChannelName": "voluptas-9",
      "ChannelDisplayName": "voluptatem",
      "ChannelType": "O",
      "RoomId": "public - iapwej3uu3defnn4n74tz1wkor",
      "StartTime": 1531131375228,
      "EndTime": 1531180159515,
      "MessagesCount": 158,
      "AttachmentsCount": 0
    },
    "ierwd9tiwt8qmqmnbdowi3kdyc": {
      "TeamId": "3qc7ihb1zpdgx8a6iwwprnnckw",
      "TeamName": "reiciendis-0",
      "TeamDisplayName": "minus",
      "ChannelId": "ierwd9tiwt8qmqmnbdowi3kdyc",
      "ChannelName": "doloremque-0",
      "ChannelDisplayName": "amet",
      "ChannelType": "O",
      "RoomId": "public - ierwd9tiwt8qmqmnbdowi3kdyc",
      "StartTime": 1531132445371,
      "EndTime": 1531180664442,
      "MessagesCount": 139,
      "AttachmentsCount": 0
    },
    "iheatjyghtg7tcog89t384uhph": {
      "TeamId": null,
      "TeamName": null,
      "TeamDisplayName": null,
      "ChannelId": "iheatjyghtg7tcog89t384uhph",
      "ChannelName": "keyzwzdxpbnapkaqoo5rxcxn5c__pi1p31m7f7ydffieu1x6xentgh",
      "ChannelDisplayName": "Direct Message",
      "ChannelType": "D",
      "RoomId": "direct - iheatjyghtg7tcog89t384uhph",
      "StartTime": 1531132444213,
      "EndTime": 1531180473138,
      "MessagesCount": 15,
      "AttachmentsCount": 0
    },
    "irosb6hogtdjpy3b97jq1opppe": {
      "TeamId": "3qc7ihb1zpdgx8a6iwwprnnckw",
      "TeamName": "reiciendis-0",
      "TeamDisplayName": "minus",
      "ChannelId": "irosb6hogtdjpy3b97jq1opppe",
      "ChannelName": "est-5",
      "ChannelDisplayName": "ea",
      "ChannelType": "O",
      "RoomId": "public - irosb6hogtdjpy3b97jq1opppe",
      "StartTime": 1531131150021,
      "EndTime": 1531180302321,
      "MessagesCount": 152,
      "AttachmentsCount": 0
    },
    "juiyeqfocbns7yucgb7tx7oujo": {
      "TeamId": null,
      "TeamName": null,
      "TeamDisplayName": null,
      "ChannelId": "juiyeqfocbns7yucgb7tx7oujo",
      "ChannelName": "n3ga1sxwsp85jn9zssmqxe3c8o__pi1p31m7f7ydffieu1x6xentgh",
      "ChannelDisplayName": "Direct Message",
      "ChannelType": "D",
      "RoomId": "direct - juiyeqfocbns7yucgb7tx7oujo",
      "StartTime": 1531131703183,
      "EndTime": 1531177018005,
      "MessagesCount": 19,
      "AttachmentsCount": 0
    },
    "kjqkdx4rqi8nurhsnaxwrtytih": {
      "TeamId": "atuti64gsirn8gehtsa6k57fwe",
      "TeamName": "ad-1",
      "TeamDisplayName": "eligendi",
      "ChannelId": "kjqkdx4rqi8nurhsnaxwrtytih",
      "ChannelName": "sequi-7",
      "ChannelDisplayName": "nesciunt",
      "ChannelType": "P",
      "RoomId": "private - kjqkdx4rqi8nurhsnaxwrtytih",
      "StartTime": 1531131066782,
      "EndTime": 1531180437386,
      "MessagesCount": 167,
      "AttachmentsCount": 0
    },
    "n9g1ssq57f8zpcp4gdstzwufaa": {
      "TeamId": null,
      "TeamName": null,
      "TeamDisplayName": null,
      "ChannelId": "n9g1ssq57f8zpcp4gdstzwufaa",
      "ChannelName": "cgx6ca8a7jyi8ei1ugf4p9k5pr__j1kzhdhp1pn4dx5phodgcxxyuh",
      "ChannelDisplayName": "Direct Message",
      "ChannelType": "D",
      "RoomId": "direct - n9g1ssq57f8zpcp4gdstzwufaa",
      "StartTime": 1531135016212,
      "EndTime": 1531178635992,
      "MessagesCount": 15,
      "AttachmentsCount": 0
    },
    "njp7j1oyh7ykdj4e6ctaz44a3h": {
      "TeamId": "3qc7ihb1zpdgx8a6iwwprnnckw",
      "TeamName": "reiciendis-0",
      "TeamDisplayName": "minus",
      "ChannelId": "njp7j1oyh7ykdj4e6ctaz44a3h",
      "ChannelName": "minus-8",
      "ChannelDisplayName": "itaque",
      "ChannelType": "O",
      "RoomId": "public - njp7j1oyh7ykdj4e6ctaz44a3h",
      "StartTime": 1531131268819,
      "EndTime": 1531180104729,
      "MessagesCount": 150,
      "AttachmentsCount": 0
    },
    "np3notjzqibizjwzfcabzye97h": {
      "TeamId": null,
      "TeamName": null,
      "TeamDisplayName": null,
      "ChannelId": "np3notjzqibizjwzfcabzye97h",
      "ChannelName": "6be388622857723be2a36ead07937d9a62d01d7e",
      "ChannelDisplayName": "Group Message",
      "ChannelType": "G",
      "RoomId": "group - np3notjzqibizjwzfcabzye97h",
      "StartTime": 1531133269799,
      "EndTime": 1531178838685,
      "MessagesCount": 38,
      "AttachmentsCount": 0
    },
    "owy7drj99tfjt8ff5pqsmgzrny": {
      "TeamId": null,
      "TeamName": null,
      "TeamDisplayName": null,
      "ChannelId": "owy7drj99tfjt8ff5pqsmgzrny",
      "ChannelName": "7f03e3d1384a30ff113063c61cfdf6c3d1655195",
      "ChannelDisplayName": "Group Message",
      "ChannelType": "G",
      "RoomId": "group - owy7drj99tfjt8ff5pqsmgzrny",
      "StartTime": 1531131372208,
      "EndTime": 1531177239631,
      "MessagesCount": 32,
      "AttachmentsCount": 0
    },
    "oz7bdf5kpino9fzpooa13kojze": {
      "TeamId": "atuti64gsirn8gehtsa6k57fwe",
      "TeamName": "ad-1",
      "TeamDisplayName": "eligendi",
      "ChannelId": "oz7bdf5kpino9fzpooa13kojze",
      "ChannelName": "saepe-5",
      "ChannelDisplayName": "doloremque",
      "ChannelType": "O",
      "RoomId": "public - oz7bdf5kpino9fzpooa13kojze",
      "StartTime": 1531130987198,
      "EndTime": 1531180675173,
      "MessagesCount": 171,
      "AttachmentsCount": 0
    },
    "puhc6bnfob8e5r7j8ua96eub6h": {
      "TeamId": null,
      "TeamName": null,
      "TeamDisplayName": null,
      "ChannelId": "puhc6bnfob8e5r7j8ua96eub6h",
      "ChannelName": "852361b87a5a053700bcf05963be29a9311db1aa",
      "ChannelDisplayName": "Group Message",
      "ChannelType": "G",
      "RoomId": "group - puhc6bnfob8e5r7j8ua96eub6h",
      "StartTime": 1531132576731,
      "EndTime": 1531180324243,
      "MessagesCount": 33,
      "AttachmentsCount": 0
    },
    "qccz4zg8yigztpuabukb7u8p5h": {
      "TeamId": null,
      "TeamName": null,
      "TeamDisplayName": null,
      "ChannelId": "qccz4zg8yigztpuabukb7u8p5h",
      "ChannelName": "9471224481e755caba9b3a5138e0f9b4e5ffe631",
      "ChannelDisplayName": "Group Message",
      "ChannelType": "G",
      "RoomId": "group - qccz4zg8yigztpuabukb7u8p5h",
      "StartTime": 1531133799395,
      "EndTime": 1531180398690,
      "MessagesCount": 58,
      "AttachmentsCount": 0
    },
    "qrtam7ux1ifa8c6ihezyqwx56h": {
      "TeamId": null,
      "TeamName": null,
      "TeamDisplayName": null,
      "ChannelId": "qrtam7ux1ifa8c6ihezyqwx56h",
      "ChannelName": "keyzwzdxpbnapkaqoo5rxcxn5c__tayou8gc43nj9b6p1s96exrq9r",
      "ChannelDisplayName": "Direct Message",
      "ChannelType": "D",
      "RoomId": "direct - qrtam7ux1ifa8c6ihezyqwx56h",
      "StartTime": 1531131299063,
      "EndTime": 1531179990263,
      "MessagesCount": 50,
      "AttachmentsCount": 0
    },
    "r19pa4gfbtriux61ywqex9esqy": {
      "TeamId": null,
      "TeamName": null,
      "TeamDisplayName": null,
      "ChannelId": "r19pa4gfbtriux61ywqex9esqy",
      "ChannelName": "cgx6ca8a7jyi8ei1ugf4p9k5pr__cgx6ca8a7jyi8ei1ugf4p9k5pr",
      "ChannelDisplayName": "Direct Message",
      "ChannelType": "D",
      "RoomId": "direct - r19pa4gfbtriux61ywqex9esqy",
      "StartTime": 1531138274867,
      "EndTime": 1531180653480,
      "MessagesCount": 22,
      "AttachmentsCount": 0
    },
    "rcc9zteop38u98fm3qdjn8cybr": {
      "TeamId": null,
      "TeamName": null,
      "TeamDisplayName": null,
      "ChannelId": "rcc9zteop38u98fm3qdjn8cybr",
      "ChannelName": "1beaee47020298665e9f7a448936a3c83358e4e3",
      "ChannelDisplayName": "Group Message",
      "ChannelType": "G",
      "RoomId": "group - rcc9zteop38u98fm3qdjn8cybr",
      "StartTime": 1531131907513,
      "EndTime": 1531179939472,
      "MessagesCount": 31,
      "AttachmentsCount": 0
    },
    "rdokoe4p37n7zrp1mn4pxnqzne": {
      "TeamId": null,
      "TeamName": null,
      "TeamDisplayName": null,
      "ChannelId": "rdokoe4p37n7zrp1mn4pxnqzne",
      "ChannelName": "z18xj1x7mtrjxjksip7grpg6te__zjwbj35eobyzpd5dswbbc93yjh",
      "ChannelDisplayName": "Direct Message",
      "ChannelType": "D",
      "RoomId": "direct - rdokoe4p37n7zrp1mn4pxnqzne",
      "StartTime": 1531135183388,
      "EndTime": 1531168778436,
      "MessagesCount": 24,
      "AttachmentsCount": 0
    },
    "rzkechractbm5r3rw6qgo183ir": {
      "TeamId": null,
      "TeamName": null,
      "TeamDisplayName": null,
      "ChannelId": "rzkechractbm5r3rw6qgo183ir",
      "ChannelName": "d8hqf6m8q7nbuq1hikjptdfnwr__wtqqxo9mb7gwzyg9hdsqzka4xa",
      "ChannelDisplayName": "Direct Message",
      "ChannelType": "D",
      "RoomId": "direct - rzkechractbm5r3rw6qgo183ir",
      "StartTime": 1531133985552,
      "EndTime": 1531180637118,
      "MessagesCount": 15,
      "AttachmentsCount": 0
    },
    "s9ucdn3jo3ywpjekutrqr4457y": {
      "TeamId": null,
      "TeamName": null,
      "TeamDisplayName": null,
      "ChannelId": "s9ucdn3jo3ywpjekutrqr4457y",
      "ChannelName": "00a1e05e7b361581d9b41157b5465e566fbeff8b",
      "ChannelDisplayName": "Group Message",
      "ChannelType": "G",
      "RoomId": "group - s9ucdn3jo3ywpjekutrqr4457y",
      "StartTime": 1531134789155,
      "EndTime": 1531179971739,
      "MessagesCount": 42,
      "AttachmentsCount": 0
    },
    "tgfxzgs4cpr89r5ja6ce6qzpiy": {
      "TeamId": null,
      "TeamName": null,
      "TeamDisplayName": null,
      "ChannelId": "tgfxzgs4cpr89r5ja6ce6qzpiy",
      "ChannelName": "n3ga1sxwsp85jn9zssmqxe3c8o__wtqqxo9mb7gwzyg9hdsqzka4xa",
      "ChannelDisplayName": "Direct Message",
      "ChannelType": "D",
      "RoomId": "direct - tgfxzgs4cpr89r5ja6ce6qzpiy",
      "StartTime": 1531131499764,
      "EndTime": 1531180534846,
      "MessagesCount": 16,
      "AttachmentsCount": 0
    },
    "uuzrpfstzpyg7csogztgrd6uxr": {
      "TeamId": "3qc7ihb1zpdgx8a6iwwprnnckw",
      "TeamName": "reiciendis-0",
      "TeamDisplayName": "minus",
      "ChannelId": "uuzrpfstzpyg7csogztgrd6uxr",
      "ChannelName": "distinctio-4",
      "ChannelDisplayName": "et",
      "ChannelType": "P",
      "RoomId": "private - uuzrpfstzpyg7csogztgrd6uxr",
      "StartTime": 1531130926227,
      "EndTime": 1531179861660,
      "MessagesCount": 133,
      "AttachmentsCount": 0
    },
    "w39aza98pbdpbkhgrbxb5k5koc": {
      "TeamId": null,
      "TeamName": null,
      "TeamDisplayName": null,
      "ChannelId": "w39aza98pbdpbkhgrbxb5k5koc",
      "ChannelName": "tayou8gc43nj9b6p1s96exrq9r__z18xj1x7mtrjxjksip7grpg6te",
      "ChannelDisplayName": "Direct Message",
      "ChannelType": "D",
      "RoomId": "direct - w39aza98pbdpbkhgrbxb5k5koc",
      "StartTime": 1531131383586,
      "EndTime": 1531178608158,
      "MessagesCount": 20,
      "AttachmentsCount": 0
    },
    "w51dbxuz8bbwpkpjh78wbu9dpe": {
      "TeamId": "3qc7ihb1zpdgx8a6iwwprnnckw",
      "TeamName": "reiciendis-0",
      "TeamDisplayName": "minus",
      "ChannelId": "w51dbxuz8bbwpkpjh78wbu9dpe",
      "ChannelName": "rem-7",
      "ChannelDisplayName": "iusto",
      "ChannelType": "O",
      "RoomId": "public - w51dbxuz8bbwpkpjh78wbu9dpe",
      "StartTime": 1531131592140,
      "EndTime": 1531179128471,
      "MessagesCount": 134,
      "AttachmentsCount": 0
    },
    "wor8hkrbypdz7eibbex59npkzc": {
      "TeamId": "3qc7ihb1zpdgx8a6iwwprnnckw",
      "TeamName": "reiciendis-0",
      "TeamDisplayName": "minus",
      "ChannelId": "wor8hkrbypdz7eibbex59npkzc",
      "ChannelName": "perspiciatis-2",
      "ChannelDisplayName": "doloribus",
      "ChannelType": "P",
      "RoomId": "private - wor8hkrbypdz7eibbex59npkzc",
      "StartTime": 1531130902476,
      "EndTime": 1531180760772,
      "MessagesCount": 137,
      "AttachmentsCount": 0
    },
    "xbez87swiidbpjmsoxw4o175sy": {
      "TeamId": null,
      "TeamName": null,
      "TeamDisplayName": null,
      "ChannelId": "xbez87swiidbpjmsoxw4o175sy",
      "ChannelName": "keyzwzdxpbnapkaqoo5rxcxn5c__n3ga1sxwsp85jn9zssmqxe3c8o",
      "ChannelDisplayName": "Direct Message",
      "ChannelType": "D",
      "RoomId": "direct - xbez87swiidbpjmsoxw4o175sy",
      "StartTime": 1531131666156,
      "EndTime": 1531180158327,
      "MessagesCount": 30,
      "AttachmentsCount": 0
    },
    "xs3dc1ndo7bnjreim7u579nx9r": {
      "TeamId": null,
      "TeamName": null,
      "TeamDisplayName": null,
      "ChannelId": "xs3dc1ndo7bnjreim7u579nx9r",
      "ChannelName": "28a5e0c84d1d4623a40db0c101999312440012be",
      "ChannelDisplayName": "Group Message",
      "ChannelType": "G",
      "RoomId": "group - xs3dc1ndo7bnjreim7u579nx9r",
      "StartTime": 1531131005873,
      "EndTime": 1531180623829,
      "MessagesCount": 44,
      "AttachmentsCount": 0
    },
    "y8pc8ctfkjnw8rud31hmy79k4y": {
      "TeamId": null,
      "TeamName": null,
      "TeamDisplayName": null,
      "ChannelId": "y8pc8ctfkjnw8rud31hmy79k4y",
      "ChannelName": "wtqqxo9mb7gwzyg9hdsqzka4xa__z18xj1x7mtrjxjksip7grpg6te",
      "ChannelDisplayName": "Direct Message",
      "ChannelType": "D",
      "RoomId": "direct - y8pc8ctfkjnw8rud31hmy79k4y",
      "StartTime": 1531130805412,
      "EndTime": 1531177700085,
      "MessagesCount": 20,
      "AttachmentsCount": 0
    },
    "yccben4sxpfbfx9oftt86qwojw": {
      "TeamId": null,
      "TeamName": null,
      "TeamDisplayName": null,
      "ChannelId": "yccben4sxpfbfx9oftt86qwojw",
      "ChannelName": "keyzwzdxpbnapkaqoo5rxcxn5c__wtqqxo9mb7gwzyg9hdsqzka4xa",
      "ChannelDisplayName": "Direct Message",
      "ChannelType": "D",
      "RoomId": "direct - yccben4sxpfbfx9oftt86qwojw",
      "StartTime": 1531138904792,
      "EndTime": 1531177023229,
      "MessagesCount": 21,
      "AttachmentsCount": 0
    },
    "yikk4intsbdppe31to3x5nxxmy": {
      "TeamId": "3qc7ihb1zpdgx8a6iwwprnnckw",
      "TeamName": "reiciendis-0",
      "TeamDisplayName": "minus",
      "ChannelId": "yikk4intsbdppe31to3x5nxxmy",
      "ChannelName": "odit-3",
      "ChannelDisplayName": "aut",
      "ChannelType": "P",
      "RoomId": "private - yikk4intsbdppe31to3x5nxxmy",
      "StartTime": 1531131195075,
      "EndTime": 1531179525611,
      "MessagesCount": 139,
      "AttachmentsCount": 0
    },
    "ykpb58kxmigifbr3ret511uqzc": {
      "TeamId": "atuti64gsirn8gehtsa6k57fwe",
      "TeamName": "ad-1",
      "TeamDisplayName": "eligendi",
      "ChannelId": "ykpb58kxmigifbr3ret511uqzc",
      "ChannelName": "autem-2",
      "ChannelDisplayName": "commodi",
      "ChannelType": "P",
      "RoomId": "private - ykpb58kxmigifbr3ret511uqzc",
      "StartTime": 1531131173699,
      "EndTime": 1531180679391,
      "MessagesCount": 131,
      "AttachmentsCount": 0
    },
    "zwyaxtuy7fnizntdw63d5bxoqo": {
      "TeamId": null,
      "TeamName": null,
      "TeamDisplayName": null,
      "ChannelId": "zwyaxtuy7fnizntdw63d5bxoqo",
      "ChannelName": "e5mh55jf87n7j83ddjuuzqdbiw__keyzwzdxpbnapkaqoo5rxcxn5c",
      "ChannelDisplayName": "Direct Message",
      "ChannelType": "D",
      "RoomId": "direct - zwyaxtuy7fnizntdw63d5bxoqo",
      "StartTime": 1531131673835,
      "EndTime": 1531180672099,
      "MessagesCount": 31,
      "AttachmentsCount": 0
    }
  },
  "MessagesCount": 4154,
  "AttachmentsCount": 0,
  "StartTime": 1531130804590,
  "EndTime": 1531180820460
}